﻿<?xml version="1.0" encoding="utf-8"?>
<List xmlns:ows="Microsoft SharePoint" Title="SPForumsPostList" FolderCreation="FALSE" Direction="$Resources:Direction;" Url="Lists/SPForumsPostList" BaseType="0" xmlns="http://schemas.microsoft.com/sharepoint/">
  <MetaData>
    <ContentTypes>



      <ContentType ID="0x01005748367625ac43a1a6a2906384721755" Name="ListFieldsContentType">
        <FieldRefs>



          <FieldRef ID="{fa564e0f-0c70-4ab9-b863-0177e6ddd247}" Name="Title" />
          <FieldRef ID="{f39e990a-78fc-48ac-872b-2ce3af0d6e69}" Name="Content1" />
          <FieldRef ID="{7344cf58-ba97-4816-9691-c61c39c67e1e}" Name="PostType" />
          <FieldRef ID="{b9315487-3280-4c93-a1ef-41fe7013f5ec}" Name="Inviters" />
        </FieldRefs>
      </ContentType>
      <ContentTypeRef ID="0x01">
        <Folder TargetName="Item" />
      </ContentTypeRef>
      <ContentTypeRef ID="0x0120" />
    </ContentTypes>
    <Fields>



      <Field ID="{fa564e0f-0c70-4ab9-b863-0177e6ddd247}" Type="Text" Name="Title" DisplayName="$Resources:core,Title;" Required="TRUE" SourceID="http://schemas.microsoft.com/sharepoint/v3" StaticName="Title" MaxLength="255" />
      <Field Name="Content1" ID="{f39e990a-78fc-48ac-872b-2ce3af0d6e69}" DisplayName="Content" Type="Note" />
      <Field Name="PostType" ID="{7344cf58-ba97-4816-9691-c61c39c67e1e}" DisplayName="PostType" List="Lists/SPForumsPostTypeList" ShowField="Title" Type="Lookup" EnableLookup="False" />
      <Field Name="Inviters" ID="{b9315487-3280-4c93-a1ef-41fe7013f5ec}" DisplayName="Inviters" Type="UserMulti" Mult="TRUE" />
    </Fields>
    <Views>


      <View BaseViewID="0" Type="HTML" MobileView="TRUE" TabularView="FALSE">
        <Toolbar Type="Standard" />
        <XslLink Default="TRUE">main.xsl</XslLink>
        <RowLimit Paged="TRUE">30</RowLimit>
        <ViewFields>

          <FieldRef Name="LinkTitleNoMenu"></FieldRef>
        </ViewFields>
        <Query>
          <OrderBy>

            <FieldRef Name="Modified" Ascending="FALSE"></FieldRef>
          </OrderBy>
        </Query>
        <ParameterBindings>
          <ParameterBinding Name="AddNewAnnouncement" Location="Resource(wss,addnewitem)" />
          <ParameterBinding Name="NoAnnouncements" Location="Resource(wss,noXinviewofY_LIST)" />
          <ParameterBinding Name="NoAnnouncementsHowTo" Location="Resource(wss,noXinviewofY_ONET_HOME)" />
        </ParameterBindings>
      </View>
      <View BaseViewID="1" Type="HTML" WebPartZoneID="Main" DisplayName="$Resources:core,objectiv_schema_mwsidcamlidC24;" DefaultView="TRUE" MobileView="TRUE" MobileDefaultView="TRUE" SetupPath="pages\viewpage.aspx" ImageUrl="/_layouts/15/images/generic.png?rev=23" Url="AllItems.aspx">
        <Toolbar Type="Standard" />
        <XslLink Default="TRUE">main.xsl</XslLink>
        <JSLink>clienttemplates.js</JSLink>
        <RowLimit Paged="TRUE">30</RowLimit>
        <ViewFields>


          <FieldRef Name="PostType"></FieldRef>
          <FieldRef Name="LinkTitleNoMenu"></FieldRef>
        </ViewFields>
        <Query>
          <OrderBy>

            <FieldRef Name="ID"></FieldRef>
          </OrderBy>
        </Query>
        <ParameterBindings>
          <ParameterBinding Name="NoAnnouncements" Location="Resource(wss,noXinviewofY_LIST)" />
          <ParameterBinding Name="NoAnnouncementsHowTo" Location="Resource(wss,noXinviewofY_DEFAULT)" />
        </ParameterBindings>
      </View>
    </Views>
    <Forms>
      <Form Type="DisplayForm" Url="DispForm.aspx" SetupPath="pages\SPForumsform.aspx" WebPartZoneID="Main" />
      <Form Type="EditForm" Url="EditForm.aspx" SetupPath="pages\SPForumsform.aspx" WebPartZoneID="Main" />
      <Form Type="NewForm" Url="NewForm.aspx" SetupPath="pages\SPForumsform.aspx" WebPartZoneID="Main" />
    </Forms>
  </MetaData>
</List>