﻿<?xml version="1.0" encoding="utf-8"?>
<List xmlns:ows="Microsoft SharePoint" Title="SPForumsMessageList" FolderCreation="FALSE" Direction="$Resources:Direction;" Url="Lists/SPForumsMessageList" BaseType="0" xmlns="http://schemas.microsoft.com/sharepoint/">
  <MetaData>
    <ContentTypes>


      
      
      
    <ContentType ID="0x010050ec0791ca3c419587ab9f6037994972" Name="ListFieldsContentType">
        <FieldRefs>
          
          
          
        <FieldRef ID="{fa564e0f-0c70-4ab9-b863-0177e6ddd247}" Name="Title" /><FieldRef ID="{ee3de3ef-3696-422d-b6a3-a1e3e4d9907d}" Name="MessageLink" /><FieldRef ID="{77f2a746-d29d-4322-a20b-8feaada35c70}" Name="IsRead" /><FieldRef ID="{24a4cdc0-35d9-4dd7-97a7-8f8942893ed5}" Name="ReplyContent" /></FieldRefs>
      </ContentType><ContentTypeRef ID="0x01">
        <Folder TargetName="Item" />
      </ContentTypeRef><ContentTypeRef ID="0x0120" /></ContentTypes>
    <Fields>

      
      
      
    <Field ID="{fa564e0f-0c70-4ab9-b863-0177e6ddd247}" Type="Text" Name="Title" DisplayName="$Resources:core,Title;" Required="TRUE" SourceID="http://schemas.microsoft.com/sharepoint/v3" StaticName="Title" MaxLength="255" /><Field Name="MessageLink" ID="{ee3de3ef-3696-422d-b6a3-a1e3e4d9907d}" DisplayName="MessageLink" Type="Note" /><Field Name="IsRead" ID="{77f2a746-d29d-4322-a20b-8feaada35c70}" DisplayName="IsRead" Type="Text" /><Field Name="ReplyContent" ID="{24a4cdc0-35d9-4dd7-97a7-8f8942893ed5}" DisplayName="ReplyContent" Type="Note" /></Fields>
    <Views>


      
      
    <View BaseViewID="0" Type="HTML" MobileView="TRUE" TabularView="FALSE">
        <Toolbar Type="Standard" />
        <XslLink Default="TRUE">main.xsl</XslLink>
        <RowLimit Paged="TRUE">30</RowLimit>
        <ViewFields>

          
        <FieldRef Name="LinkTitleNoMenu"></FieldRef></ViewFields>
        <Query>
          <OrderBy>

            
          <FieldRef Name="Modified" Ascending="FALSE"></FieldRef></OrderBy>
        </Query>
        <ParameterBindings>
          <ParameterBinding Name="AddNewAnnouncement" Location="Resource(wss,addnewitem)" />
          <ParameterBinding Name="NoAnnouncements" Location="Resource(wss,noXinviewofY_LIST)" />
          <ParameterBinding Name="NoAnnouncementsHowTo" Location="Resource(wss,noXinviewofY_ONET_HOME)" />
        </ParameterBindings>
      </View><View BaseViewID="1" Type="HTML" WebPartZoneID="Main" DisplayName="$Resources:core,objectiv_schema_mwsidcamlidC24;" DefaultView="TRUE" MobileView="TRUE" MobileDefaultView="TRUE" SetupPath="pages\viewpage.aspx" ImageUrl="/_layouts/15/images/generic.png?rev=23" Url="AllItems.aspx">
        <Toolbar Type="Standard" />
        <XslLink Default="TRUE">main.xsl</XslLink>
        <JSLink>clienttemplates.js</JSLink>
        <RowLimit Paged="TRUE">30</RowLimit>
        <ViewFields>

          
          
          
        <FieldRef Name="LinkTitle"></FieldRef><FieldRef Name="MessageLink" /><FieldRef Name="IsRead" /><FieldRef Name="ReplyContent" /></ViewFields>
        <Query>
          <OrderBy>

            
          <FieldRef Name="ID"></FieldRef></OrderBy>
        </Query>
        <ParameterBindings>
          <ParameterBinding Name="NoAnnouncements" Location="Resource(wss,noXinviewofY_LIST)" />
          <ParameterBinding Name="NoAnnouncementsHowTo" Location="Resource(wss,noXinviewofY_DEFAULT)" />
        </ParameterBindings>
      </View></Views>
    <Forms>
      <Form Type="DisplayForm" Url="DispForm.aspx" SetupPath="pages\SPForumsform.aspx" WebPartZoneID="Main" />
      <Form Type="EditForm" Url="EditForm.aspx" SetupPath="pages\SPForumsform.aspx" WebPartZoneID="Main" />
      <Form Type="NewForm" Url="NewForm.aspx" SetupPath="pages\SPForumsform.aspx" WebPartZoneID="Main" />
    </Forms>
  </MetaData>
</List>
